epoch,time,train/box_loss,train/cls_loss,train/dfl_loss,train/angle_loss,metrics/precision(B),metrics/recall(B),metrics/mAP50(B),metrics/mAP50-95(B),val/box_loss,val/cls_loss,val/dfl_loss,val/angle_loss,lr/pg0,lr/pg1,lr/pg2
1,103.208,0.77753,0.73907,1.47211,0.02849,0.92965,0.92559,0.96503,0.81587,0.61585,0.4819,1.36713,0.01409,0.00197646,0.00197646,0.0688106
2,190.439,0.72576,0.5423,1.41049,0.0214,0.69438,0.7928,0.67533,0.57813,0.56992,1.20278,1.34344,0.00892,0.00394982,0.00394982,0.0374507
3,276.481,0.71425,0.52071,1.38695,0.02321,0.9691,0.94578,0.98765,0.86674,0.54496,0.38911,1.34017,0.00947,0.00591007,0.00591007,0.00607757
4,362.458,0.66468,0.4713,1.35572,0.0214,0.96487,0.97665,0.99087,0.87513,0.51678,0.37061,1.28145,0.00994,0.00590032,0.00590032,0.00590032
5,448.368,0.65126,0.44312,1.32807,0.01895,0.96493,0.96353,0.99047,0.87969,0.49482,0.38658,1.22318,0.00842,0.00588065,0.00588065,0.00588065
6,534.135,0.63322,0.43755,1.31313,0.01762,0.96048,0.96932,0.99126,0.91399,0.4112,0.34023,1.14299,0.00719,0.00586099,0.00586099,0.00586099
7,619.764,0.61626,0.42109,1.28282,0.01758,0.97388,0.97936,0.99355,0.914,0.40677,0.29725,1.10622,0.00625,0.00584132,0.00584132,0.00584132
8,705.629,0.60212,0.39675,1.24261,0.01905,0.97003,0.94449,0.98439,0.90981,0.42026,0.32987,1.15373,0.00743,0.00582165,0.00582165,0.00582165
9,791.18,0.59832,0.38958,1.25479,0.01701,0.96959,0.9786,0.99327,0.9141,0.4232,0.28457,1.15107,0.00646,0.00580199,0.00580199,0.00580199
10,876.955,0.5714,0.37701,1.23449,0.01497,0.97913,0.95847,0.98267,0.91232,0.40972,0.28589,1.15948,0.00564,0.00578232,0.00578232,0.00578232
11,962.59,0.57194,0.3769,1.23138,0.01566,0.95608,0.9679,0.99049,0.91204,0.42677,0.34786,1.11733,0.01074,0.00576266,0.00576266,0.00576266
12,1048.14,0.57149,0.38012,1.23196,0.01725,0.97203,0.9804,0.99296,0.92782,0.3885,0.27633,1.10952,0.0068,0.00574299,0.00574299,0.00574299
13,1133.96,0.57905,0.3785,1.21722,0.01619,0.98243,0.97763,0.99364,0.93447,0.36027,0.22865,1.05917,0.00476,0.00572333,0.00572333,0.00572333
14,1219.69,0.55674,0.36607,1.20179,0.01481,0.97318,0.9883,0.99341,0.92881,0.3817,0.2495,1.10148,0.00624,0.00570366,0.00570366,0.00570366
15,1305.34,0.56173,0.35878,1.21199,0.01719,0.97925,0.98444,0.99386,0.93653,0.3649,0.23419,1.08007,0.00438,0.00568399,0.00568399,0.00568399
16,1391.14,0.55083,0.34794,1.20225,0.01401,0.97153,0.98541,0.99132,0.92161,0.38186,0.25309,1.07683,0.00594,0.00566433,0.00566433,0.00566433
17,1476.62,0.54405,0.34936,1.1919,0.01426,0.98528,0.97683,0.99415,0.93455,0.36705,0.22633,1.07147,0.00435,0.00564466,0.00564466,0.00564466
18,1562.23,0.54106,0.34573,1.18247,0.01495,0.97699,0.98054,0.99353,0.93886,0.35284,0.23484,1.04338,0.00513,0.005625,0.005625,0.005625
19,1647.92,0.52708,0.33444,1.18083,0.01398,0.96857,0.98054,0.9924,0.92314,0.40291,0.2598,1.12102,0.00642,0.00560533,0.00560533,0.00560533
20,1733.46,0.53705,0.34716,1.18921,0.01424,0.9847,0.98541,0.99366,0.93806,0.35165,0.22772,1.0613,0.0047,0.00558566,0.00558566,0.00558566
21,1819.24,0.53375,0.34321,1.17711,0.01399,0.98103,0.97957,0.99371,0.9327,0.36944,0.24274,1.0584,0.00567,0.005566,0.005566,0.005566
22,1904.93,0.53419,0.33692,1.1857,0.01387,0.97494,0.98415,0.99302,0.92382,0.39555,0.24542,1.15333,0.00539,0.00554633,0.00554633,0.00554633
23,1990.53,0.51512,0.3332,1.15678,0.01241,0.97569,0.97763,0.99283,0.93163,0.36581,0.25902,1.07936,0.00535,0.00552667,0.00552667,0.00552667
24,2076.18,0.5234,0.33632,1.1646,0.01264,0.98187,0.98249,0.99359,0.9311,0.38763,0.22932,1.09234,0.00515,0.005507,0.005507,0.005507
25,2161.69,0.53248,0.33622,1.18105,0.01388,0.98071,0.98925,0.99422,0.94054,0.34551,0.22376,1.02827,0.0065,0.00548734,0.00548734,0.00548734
26,2247.66,0.51892,0.33012,1.15799,0.01196,0.98345,0.98278,0.99388,0.93804,0.35191,0.22113,1.05357,0.00419,0.00546767,0.00546767,0.00546767
27,2333.16,0.51413,0.3261,1.15657,0.01233,0.97883,0.98974,0.9941,0.9365,0.35757,0.21711,1.07482,0.0045,0.005448,0.005448,0.005448
28,2418.78,0.51644,0.32623,1.16929,0.01202,0.97499,0.98579,0.99321,0.93852,0.35525,0.22864,1.07129,0.00525,0.00542834,0.00542834,0.00542834
29,2504.47,0.5135,0.32905,1.16352,0.01173,0.97448,0.9893,0.99328,0.93901,0.34878,0.22087,1.04024,0.00626,0.00540867,0.00540867,0.00540867
30,2590.22,0.51119,0.32075,1.1604,0.01321,0.98348,0.98428,0.99389,0.9418,0.34134,0.20696,1.03953,0.00422,0.00538901,0.00538901,0.00538901
31,2675.97,0.51669,0.32571,1.16784,0.01182,0.97377,0.9893,0.99321,0.93879,0.34991,0.22026,1.04904,0.00643,0.00536934,0.00536934,0.00536934
32,2761.63,0.51488,0.32046,1.16093,0.0118,0.98346,0.98334,0.99396,0.93817,0.35188,0.21165,1.054,0.00494,0.00534968,0.00534968,0.00534968
33,2847.24,0.50206,0.31282,1.14922,0.01119,0.98477,0.98249,0.99428,0.94432,0.33382,0.19775,1.02879,0.00453,0.00533001,0.00533001,0.00533001
34,2933.17,0.50356,0.31324,1.14434,0.01148,0.98568,0.98054,0.99418,0.94085,0.33707,0.20748,1.0461,0.00429,0.00531034,0.00531034,0.00531034
35,3018.91,0.49234,0.31107,1.13631,0.011,0.97996,0.98833,0.99422,0.94192,0.33673,0.20337,1.04013,0.00519,0.00529068,0.00529068,0.00529068
36,3104.54,0.50165,0.31342,1.14585,0.01148,0.98416,0.98054,0.99389,0.93944,0.35589,0.21674,1.07135,0.00397,0.00527101,0.00527101,0.00527101
37,3190.03,0.50894,0.31991,1.15598,0.01151,0.98059,0.98274,0.99378,0.94512,0.32905,0.21386,1.03105,0.00513,0.00525135,0.00525135,0.00525135
38,3275.86,0.49655,0.31329,1.15248,0.01142,0.97788,0.98903,0.99381,0.94408,0.33277,0.20933,1.03513,0.00411,0.00523168,0.00523168,0.00523168
39,3361.73,0.50295,0.3143,1.14004,0.01068,0.98636,0.98466,0.99414,0.94739,0.32831,0.20266,1.03092,0.00405,0.00521202,0.00521202,0.00521202
40,3447.81,0.48893,0.30717,1.13398,0.01165,0.9779,0.9901,0.99419,0.94128,0.33638,0.20258,1.04771,0.00399,0.00519235,0.00519235,0.00519235
41,3533.55,0.49016,0.3064,1.14132,0.01035,0.98353,0.98747,0.99426,0.94202,0.33777,0.19287,1.05364,0.00419,0.00517268,0.00517268,0.00517268
42,3619.26,0.50223,0.30893,1.13903,0.01054,0.97139,0.99075,0.99349,0.94574,0.32702,0.2118,1.04167,0.00332,0.00515302,0.00515302,0.00515302
43,3704.77,0.49367,0.30851,1.1469,0.01129,0.98423,0.98638,0.99421,0.95012,0.31826,0.20591,1.03056,0.00391,0.00513335,0.00513335,0.00513335
44,3790.58,0.48917,0.30108,1.13563,0.01039,0.98643,0.99012,0.99451,0.94295,0.33057,0.19788,1.04428,0.00534,0.00511369,0.00511369,0.00511369
45,3876.2,0.49112,0.30315,1.12953,0.01012,0.99108,0.97316,0.9942,0.94308,0.33582,0.20143,1.04585,0.00375,0.00509402,0.00509402,0.00509402
46,3961.86,0.48122,0.29745,1.13044,0.00909,0.9894,0.97763,0.9941,0.95029,0.32027,0.19541,1.01488,0.00432,0.00507436,0.00507436,0.00507436
47,4047.59,0.47472,0.28702,1.11701,0.00979,0.98563,0.98346,0.99342,0.94603,0.32765,0.1928,1.04714,0.00465,0.00505469,0.00505469,0.00505469
48,4133.15,0.48831,0.29477,1.12927,0.01011,0.97484,0.99319,0.99403,0.94739,0.32721,0.19645,1.03953,0.00401,0.00503502,0.00503502,0.00503502
49,4218.82,0.47788,0.29728,1.11492,0.0102,0.9814,0.98346,0.99387,0.95095,0.31466,0.1953,1.00584,0.00425,0.00501536,0.00501536,0.00501536
50,4304.81,0.47641,0.29498,1.12438,0.0098,0.98403,0.9893,0.99436,0.94909,0.32438,0.19504,1.02319,0.00438,0.00499569,0.00499569,0.00499569
51,4390.59,0.47084,0.28898,1.10521,0.00934,0.98055,0.99222,0.99387,0.95234,0.30411,0.19067,1.00673,0.00415,0.00497603,0.00497603,0.00497603
52,4476.3,0.47327,0.28793,1.11034,0.00993,0.98441,0.98444,0.99379,0.95411,0.30145,0.18731,1.00688,0.00391,0.00495636,0.00495636,0.00495636
53,4562.32,0.47291,0.28779,1.12852,0.00981,0.98359,0.99094,0.99379,0.95195,0.30165,0.18147,1.00627,0.00327,0.0049367,0.0049367,0.0049367
54,4647.51,0.47781,0.29235,1.11792,0.0095,0.98167,0.98987,0.99388,0.94457,0.32981,0.19665,1.03403,0.00386,0.00491703,0.00491703,0.00491703
55,4733.04,0.47096,0.28603,1.11309,0.00919,0.98251,0.98638,0.99413,0.94919,0.30948,0.18986,1.0199,0.00351,0.00489736,0.00489736,0.00489736
56,4818.56,0.4712,0.28731,1.12403,0.01112,0.98263,0.98735,0.99417,0.95164,0.30884,0.1891,1.01351,0.00336,0.0048777,0.0048777,0.0048777
57,4903.98,0.47233,0.29867,1.11199,0.00989,0.98446,0.98597,0.99415,0.94812,0.31763,0.18785,1.01867,0.0039,0.00485803,0.00485803,0.00485803
58,4989.65,0.47614,0.29417,1.1183,0.00947,0.98726,0.98004,0.99422,0.94866,0.31539,0.19174,1.01425,0.00367,0.00483837,0.00483837,0.00483837
59,5075.36,0.47287,0.29547,1.11354,0.0095,0.98297,0.9893,0.99426,0.9527,0.31934,0.19314,1.02713,0.00361,0.0048187,0.0048187,0.0048187
60,5160.87,0.47284,0.28723,1.11399,0.00938,0.98729,0.98541,0.99421,0.95356,0.30401,0.17886,1.01793,0.00336,0.00479904,0.00479904,0.00479904
61,5246.54,0.47112,0.29395,1.11814,0.00851,0.98261,0.98932,0.99399,0.95098,0.31031,0.18789,1.01003,0.00359,0.00477937,0.00477937,0.00477937
62,5332.29,0.46294,0.28423,1.1087,0.00886,0.9774,0.99222,0.99425,0.95098,0.31576,0.18686,1.01716,0.0042,0.0047597,0.0047597,0.0047597
63,5417.81,0.4687,0.28214,1.12039,0.00902,0.98353,0.9877,0.99412,0.95474,0.29846,0.18184,0.99748,0.00347,0.00474004,0.00474004,0.00474004
64,5503.53,0.45435,0.27373,1.09884,0.00819,0.98144,0.99222,0.9941,0.95124,0.3086,0.1856,1.00473,0.00471,0.00472037,0.00472037,0.00472037
65,5589.15,0.46096,0.28029,1.09246,0.00874,0.98258,0.98766,0.99321,0.95482,0.30083,0.17857,1.01025,0.00338,0.00470071,0.00470071,0.00470071
66,5675.34,0.46237,0.28123,1.10054,0.0092,0.98927,0.98617,0.99404,0.95283,0.30277,0.18047,1.01199,0.00327,0.00468104,0.00468104,0.00468104
67,5761.07,0.46601,0.28264,1.10086,0.00986,0.98263,0.99064,0.99396,0.95031,0.30791,0.18197,1.01181,0.00375,0.00466138,0.00466138,0.00466138
68,5846.67,0.46311,0.27954,1.11126,0.00938,0.98166,0.98919,0.99416,0.95211,0.30444,0.1844,1.00962,0.00393,0.00464171,0.00464171,0.00464171
69,5932.53,0.47487,0.29163,1.11949,0.0085,0.98602,0.98541,0.99417,0.94919,0.31677,0.18685,1.01887,0.00345,0.00462204,0.00462204,0.00462204
70,6018.26,0.46166,0.28297,1.1172,0.00928,0.98965,0.98249,0.99431,0.9539,0.30539,0.17429,1.01264,0.00328,0.00460238,0.00460238,0.00460238
71,6103.92,0.45855,0.28059,1.10641,0.00866,0.98441,0.98281,0.99406,0.95435,0.30421,0.18289,1.01279,0.00357,0.00458271,0.00458271,0.00458271
72,6189.55,0.46501,0.28567,1.1047,0.00884,0.97985,0.99222,0.99366,0.95613,0.29917,0.1731,1.0061,0.00347,0.00456305,0.00456305,0.00456305
73,6275.37,0.46174,0.28934,1.10632,0.00924,0.98165,0.9886,0.99417,0.95327,0.3116,0.18542,1.02247,0.00352,0.00454338,0.00454338,0.00454338
74,6360.98,0.45908,0.27962,1.10346,0.00993,0.97866,0.99125,0.99364,0.94946,0.31613,0.18751,1.0174,0.00405,0.00452372,0.00452372,0.00452372
75,6446.7,0.46442,0.2782,1.11121,0.00885,0.98226,0.98638,0.99398,0.95449,0.29784,0.17754,0.99403,0.00338,0.00450405,0.00450405,0.00450405
76,6532.25,0.45849,0.28401,1.10168,0.00952,0.97887,0.99149,0.9939,0.95545,0.3005,0.18721,0.99808,0.00389,0.00448438,0.00448438,0.00448438
77,6617.81,0.45706,0.27841,1.09727,0.00871,0.97818,0.99027,0.99421,0.95716,0.29399,0.17324,0.98749,0.00363,0.00446472,0.00446472,0.00446472
78,6703.44,0.45962,0.28274,1.10228,0.00922,0.98486,0.99027,0.9941,0.95541,0.29939,0.175,1.0055,0.00378,0.00444505,0.00444505,0.00444505
79,6788.91,0.45703,0.27688,1.10771,0.0095,0.98449,0.9877,0.9942,0.95437,0.29948,0.17274,1.00464,0.003,0.00442539,0.00442539,0.00442539
80,6874.42,0.45392,0.2759,1.09676,0.00902,0.98361,0.99214,0.99403,0.95514,0.29464,0.17171,0.99256,0.00347,0.00440572,0.00440572,0.00440572
81,6959.74,0.45557,0.27663,1.10531,0.00891,0.98503,0.98346,0.99401,0.95475,0.29299,0.17705,0.98985,0.00336,0.00438606,0.00438606,0.00438606
82,7045.2,0.45832,0.27696,1.1038,0.00837,0.98447,0.98662,0.99387,0.95419,0.29969,0.1763,0.99715,0.00379,0.00436639,0.00436639,0.00436639
83,7130.98,0.45816,0.2764,1.1029,0.00879,0.98029,0.98638,0.99411,0.95583,0.29774,0.17445,1.00416,0.00334,0.00434672,0.00434672,0.00434672
84,7216.78,0.45982,0.2727,1.09431,0.00861,0.97969,0.98549,0.99391,0.95516,0.29633,0.1723,0.99973,0.00289,0.00432706,0.00432706,0.00432706
85,7302.51,0.45355,0.26798,1.10055,0.00813,0.98075,0.99117,0.99434,0.95611,0.29257,0.17085,0.99283,0.00298,0.00430739,0.00430739,0.00430739
86,7388.29,0.45805,0.27903,1.09907,0.00894,0.98446,0.99125,0.99431,0.95833,0.29247,0.17136,1.00278,0.00276,0.00428773,0.00428773,0.00428773
87,7473.95,0.44847,0.2677,1.09709,0.00807,0.97859,0.99027,0.99409,0.95803,0.29207,0.16698,0.99749,0.00322,0.00426806,0.00426806,0.00426806
88,7559.97,0.44988,0.27367,1.09147,0.00791,0.98356,0.98958,0.9941,0.9559,0.29167,0.16891,0.99058,0.00309,0.00424839,0.00424839,0.00424839
89,7645.63,0.4564,0.27344,1.10133,0.00881,0.97981,0.99122,0.99399,0.95591,0.29887,0.1745,1.00476,0.00318,0.00422873,0.00422873,0.00422873
90,7731.47,0.45029,0.26847,1.09768,0.00842,0.98096,0.99319,0.9941,0.95826,0.29239,0.16834,0.98764,0.00361,0.00420906,0.00420906,0.00420906
91,7817.44,0.45404,0.27304,1.09258,0.00846,0.98071,0.98925,0.99375,0.95565,0.29872,0.17401,1.00306,0.00307,0.0041894,0.0041894,0.0041894
92,7903.28,0.44917,0.27352,1.09203,0.00833,0.97607,0.99177,0.99421,0.95774,0.29237,0.17121,0.98682,0.00319,0.00416973,0.00416973,0.00416973
93,7989.1,0.44552,0.26417,1.08772,0.00829,0.98035,0.9893,0.99393,0.95878,0.29304,0.16722,0.99632,0.00313,0.00415007,0.00415007,0.00415007
94,8075.15,0.44495,0.26529,1.09508,0.00773,0.98244,0.9893,0.99388,0.95912,0.29117,0.16889,0.99442,0.0029,0.0041304,0.0041304,0.0041304
95,8161.14,0.45038,0.26476,1.08567,0.00803,0.98451,0.98891,0.99403,0.95418,0.29997,0.16548,1.00656,0.00316,0.00411073,0.00411073,0.00411073
96,8246.88,0.44752,0.26473,1.09166,0.00843,0.98543,0.98702,0.9936,0.95744,0.292,0.16766,0.98629,0.00361,0.00409107,0.00409107,0.00409107
97,8332.49,0.4457,0.26864,1.08336,0.00795,0.98493,0.99027,0.99432,0.95743,0.28996,0.16589,0.99191,0.00311,0.0040714,0.0040714,0.0040714
98,8418.21,0.4468,0.26747,1.09806,0.00817,0.98809,0.99027,0.99428,0.959,0.28985,0.16369,0.99206,0.00344,0.00405174,0.00405174,0.00405174
99,8503.82,0.44517,0.26696,1.09616,0.00781,0.98449,0.98788,0.99392,0.95816,0.28768,0.16419,0.98977,0.00354,0.00403207,0.00403207,0.00403207
100,8589.48,0.44424,0.26254,1.08653,0.00824,0.97983,0.99249,0.99372,0.95784,0.28599,0.16311,0.99313,0.00285,0.00401241,0.00401241,0.00401241
101,8675.05,0.43746,0.26416,1.08817,0.00806,0.98588,0.99125,0.99427,0.95623,0.29343,0.16742,0.99868,0.00285,0.00399274,0.00399274,0.00399274
102,8760.56,0.4419,0.26749,1.08714,0.0072,0.98801,0.98735,0.9942,0.9581,0.28846,0.16485,0.99191,0.00295,0.00397307,0.00397307,0.00397307
103,8845.92,0.44164,0.26361,1.09317,0.00822,0.98355,0.9886,0.99425,0.96066,0.28769,0.16352,0.99187,0.00323,0.00395341,0.00395341,0.00395341
104,8931.71,0.43548,0.26149,1.0787,0.00714,0.98655,0.9893,0.99437,0.96074,0.28572,0.16097,0.99075,0.00341,0.00393374,0.00393374,0.00393374
105,9017.52,0.43269,0.25721,1.07794,0.00747,0.98923,0.98293,0.99432,0.95901,0.28704,0.16302,0.99313,0.00295,0.00391408,0.00391408,0.00391408
106,9103.25,0.43736,0.25927,1.08357,0.00751,0.98077,0.99239,0.99418,0.95692,0.28751,0.16149,0.98126,0.00295,0.00389441,0.00389441,0.00389441
107,9188.82,0.44155,0.26024,1.07534,0.00827,0.97793,0.99121,0.99388,0.95811,0.28731,0.16447,0.98849,0.00299,0.00387475,0.00387475,0.00387475
108,9274.54,0.43728,0.25699,1.07732,0.00816,0.98636,0.98463,0.99408,0.95907,0.28721,0.1615,0.9873,0.00264,0.00385508,0.00385508,0.00385508
109,9360.57,0.4461,0.26825,1.08236,0.00816,0.9856,0.98444,0.99368,0.95822,0.2864,0.16606,0.98929,0.00297,0.00383541,0.00383541,0.00383541
110,9446.1,0.43657,0.25908,1.07503,0.008,0.97858,0.99222,0.99407,0.95955,0.28553,0.16221,0.98957,0.00281,0.00381575,0.00381575,0.00381575
111,9531.68,0.43885,0.26272,1.08872,0.00769,0.9839,0.98833,0.9941,0.96026,0.29066,0.16542,0.99224,0.00328,0.00379608,0.00379608,0.00379608
112,9617.53,0.42476,0.25446,1.06727,0.00724,0.98502,0.99027,0.99402,0.96019,0.28531,0.16232,0.98576,0.00301,0.00377642,0.00377642,0.00377642
113,9703.2,0.43008,0.25923,1.0674,0.00753,0.98392,0.99222,0.99386,0.95929,0.28371,0.16065,0.97924,0.00309,0.00375675,0.00375675,0.00375675
114,9788.82,0.43038,0.25563,1.0698,0.00681,0.98785,0.9893,0.9943,0.9604,0.27998,0.15914,0.97955,0.00307,0.00373709,0.00373709,0.00373709
115,9874.35,0.43871,0.26122,1.07799,0.00742,0.98734,0.98648,0.99426,0.95942,0.283,0.16176,0.97987,0.00291,0.00371742,0.00371742,0.00371742
116,9960.06,0.44427,0.2633,1.08414,0.00896,0.98571,0.9893,0.99387,0.95918,0.28882,0.16421,0.98685,0.00329,0.00369775,0.00369775,0.00369775
117,10045.7,0.43416,0.25693,1.07,0.00728,0.98277,0.99319,0.99396,0.96063,0.28319,0.16063,0.98206,0.00274,0.00367809,0.00367809,0.00367809
118,10131.4,0.43426,0.25587,1.07316,0.00745,0.98524,0.99125,0.99413,0.9613,0.2801,0.159,0.98184,0.0027,0.00365842,0.00365842,0.00365842
119,10217.3,0.42718,0.25411,1.06187,0.00706,0.98361,0.9925,0.99428,0.95939,0.28008,0.15902,0.97965,0.00348,0.00363876,0.00363876,0.00363876
120,10302.8,0.43191,0.25621,1.07362,0.00741,0.98551,0.9927,0.99425,0.95788,0.29068,0.16258,0.99103,0.00351,0.00361909,0.00361909,0.00361909
121,10388.5,0.42664,0.25401,1.06923,0.00725,0.9845,0.98867,0.99421,0.95732,0.28464,0.15824,0.9852,0.00282,0.00359943,0.00359943,0.00359943
122,10474,0.43081,0.25948,1.07114,0.00724,0.9855,0.99157,0.994,0.95904,0.28482,0.15922,0.98474,0.00234,0.00357976,0.00357976,0.00357976
123,10559.5,0.43311,0.25359,1.07665,0.0079,0.98635,0.98833,0.99396,0.95911,0.28207,0.15755,0.98116,0.00262,0.00356009,0.00356009,0.00356009
124,10645.1,0.43102,0.25306,1.07282,0.00831,0.98005,0.99514,0.99389,0.95927,0.28238,0.15817,0.9811,0.00282,0.00354043,0.00354043,0.00354043
125,10730.9,0.42953,0.25309,1.0807,0.00789,0.9834,0.99222,0.99374,0.95947,0.28042,0.15893,0.98426,0.00241,0.00352076,0.00352076,0.00352076
126,10816.5,0.43432,0.25817,1.07552,0.00784,0.98356,0.98928,0.99381,0.95892,0.28458,0.15865,0.98482,0.00292,0.0035011,0.0035011,0.0035011
127,10902.2,0.41904,0.24771,1.05164,0.00697,0.98147,0.99319,0.99379,0.96143,0.27895,0.15633,0.97974,0.0029,0.00348143,0.00348143,0.00348143
128,10988.2,0.42367,0.24694,1.06831,0.00724,0.98643,0.98986,0.99406,0.96136,0.27669,0.15638,0.98058,0.00291,0.00346177,0.00346177,0.00346177
129,11073.8,0.43042,0.25811,1.06713,0.00737,0.98266,0.99203,0.99372,0.96104,0.27857,0.15792,0.98256,0.00286,0.0034421,0.0034421,0.0034421
130,11159.5,0.427,0.25086,1.06391,0.00719,0.98405,0.99222,0.99381,0.96257,0.27691,0.15505,0.97927,0.00308,0.00342243,0.00342243,0.00342243
131,11245.8,0.42407,0.25051,1.05865,0.0076,0.98447,0.99222,0.99387,0.96026,0.27855,0.15599,0.98331,0.0026,0.00340277,0.00340277,0.00340277
132,11331.5,0.42263,0.24468,1.05876,0.00725,0.98723,0.99222,0.99377,0.95979,0.27361,0.15494,0.97562,0.0025,0.0033831,0.0033831,0.0033831
133,11417.1,0.41862,0.24748,1.06273,0.00663,0.98603,0.99416,0.99388,0.96264,0.27264,0.15167,0.97375,0.00245,0.00336344,0.00336344,0.00336344
134,11503.1,0.42596,0.25255,1.0627,0.00701,0.98538,0.99222,0.9939,0.96151,0.2757,0.15559,0.97453,0.00225,0.00334377,0.00334377,0.00334377
135,11588.8,0.42496,0.25061,1.06807,0.00684,0.98423,0.99222,0.994,0.96139,0.27649,0.15367,0.97482,0.00254,0.00332411,0.00332411,0.00332411
136,11674.9,0.42093,0.2443,1.0576,0.00727,0.98489,0.99319,0.99401,0.96145,0.27499,0.15505,0.97398,0.00269,0.00330444,0.00330444,0.00330444
137,11761.1,0.42111,0.24737,1.06368,0.00722,0.98741,0.9919,0.99431,0.9621,0.27467,0.15341,0.97333,0.00262,0.00328477,0.00328477,0.00328477
138,11846.7,0.42343,0.24436,1.06224,0.00656,0.98775,0.99319,0.99414,0.96142,0.27553,0.15311,0.97978,0.00273,0.00326511,0.00326511,0.00326511
139,11932.4,0.41779,0.24482,1.05304,0.00679,0.98551,0.99242,0.9941,0.96171,0.27642,0.15358,0.98013,0.00243,0.00324544,0.00324544,0.00324544
140,12018.3,0.41556,0.24576,1.05535,0.00676,0.98647,0.99311,0.99388,0.96187,0.27839,0.15465,0.98017,0.00329,0.00322578,0.00322578,0.00322578
141,12103.9,0.41506,0.24285,1.05461,0.00658,0.98685,0.99319,0.99405,0.96182,0.2738,0.15401,0.97099,0.00347,0.00320611,0.00320611,0.00320611
142,12189.8,0.41288,0.24384,1.04849,0.00636,0.98362,0.99286,0.99409,0.96101,0.27589,0.15335,0.97608,0.00298,0.00318645,0.00318645,0.00318645
143,12275.8,0.41764,0.24603,1.05788,0.00684,0.98595,0.99222,0.99429,0.96029,0.27667,0.1552,0.97875,0.00323,0.00316678,0.00316678,0.00316678
144,12361.2,0.4148,0.24249,1.06049,0.00679,0.98743,0.99332,0.99423,0.9612,0.27722,0.1556,0.9818,0.00317,0.00314711,0.00314711,0.00314711
145,12446.8,0.41406,0.24159,1.05175,0.00686,0.98721,0.99319,0.99421,0.96116,0.27674,0.15343,0.98101,0.00254,0.00312745,0.00312745,0.00312745
146,12532.7,0.41517,0.24534,1.05588,0.00675,0.98547,0.99319,0.99423,0.96155,0.27445,0.15269,0.97659,0.0025,0.00310778,0.00310778,0.00310778
147,12618.3,0.42224,0.24791,1.05122,0.00676,0.98329,0.99319,0.99422,0.9629,0.27411,0.15042,0.97503,0.00248,0.00308812,0.00308812,0.00308812
148,12703.9,0.41321,0.24365,1.05422,0.00621,0.98737,0.98892,0.99423,0.96243,0.27268,0.15038,0.9728,0.00245,0.00306845,0.00306845,0.00306845
149,12789.3,0.41455,0.2421,1.06074,0.00694,0.98451,0.98952,0.99408,0.96258,0.27189,0.15007,0.9709,0.00265,0.00304879,0.00304879,0.00304879
150,12874.8,0.41355,0.23832,1.05968,0.00696,0.98644,0.99076,0.99396,0.96298,0.27021,0.15046,0.96925,0.00292,0.00302912,0.00302912,0.00302912
151,12960.6,0.41146,0.23971,1.0578,0.00665,0.98526,0.99319,0.99388,0.96116,0.2718,0.15335,0.97035,0.00329,0.00300945,0.00300945,0.00300945
152,13046.1,0.41407,0.24661,1.04851,0.00688,0.98454,0.99141,0.99411,0.9615,0.2728,0.15254,0.97278,0.00239,0.00298979,0.00298979,0.00298979
153,13131.8,0.414,0.24309,1.04832,0.00636,0.9855,0.99188,0.99406,0.9628,0.2711,0.15134,0.97054,0.00248,0.00297012,0.00297012,0.00297012
154,13217.4,0.41222,0.24068,1.05954,0.00696,0.98838,0.99307,0.99396,0.96256,0.27132,0.15123,0.97119,0.00279,0.00295046,0.00295046,0.00295046
155,13302.8,0.40699,0.23649,1.05493,0.0065,0.98665,0.99319,0.99403,0.96119,0.27135,0.15018,0.97278,0.00235,0.00293079,0.00293079,0.00293079
156,13388.4,0.41423,0.24423,1.05654,0.00652,0.98701,0.99027,0.99407,0.96234,0.27277,0.15151,0.97623,0.00288,0.00291112,0.00291112,0.00291112
157,13474,0.41188,0.23947,1.06078,0.00646,0.98821,0.99222,0.99385,0.96287,0.2731,0.15059,0.98172,0.00248,0.00289146,0.00289146,0.00289146
158,13559.6,0.40548,0.2395,1.05348,0.00649,0.98645,0.99156,0.99406,0.9627,0.27304,0.14915,0.97768,0.00277,0.00287179,0.00287179,0.00287179
159,13645,0.41496,0.2423,1.04722,0.00683,0.98575,0.99222,0.9942,0.96279,0.27093,0.14795,0.97448,0.00298,0.00285213,0.00285213,0.00285213
160,13730.7,0.40683,0.2364,1.04991,0.00629,0.98416,0.99222,0.99419,0.96289,0.27013,0.14598,0.97133,0.00265,0.00283246,0.00283246,0.00283246
161,13816.2,0.41502,0.24315,1.05621,0.00644,0.98551,0.99274,0.99408,0.96309,0.271,0.14752,0.97277,0.00269,0.0028128,0.0028128,0.0028128
162,13902.3,0.41366,0.24167,1.04639,0.00703,0.98645,0.99138,0.99406,0.96326,0.27294,0.14746,0.97562,0.00254,0.00279313,0.00279313,0.00279313
163,13988.1,0.4038,0.23176,1.05143,0.00671,0.98551,0.99249,0.99415,0.96505,0.27306,0.14795,0.97463,0.00243,0.00277346,0.00277346,0.00277346
164,14074,0.40483,0.23538,1.04673,0.00581,0.98551,0.99222,0.99413,0.96483,0.27124,0.14796,0.97162,0.00266,0.0027538,0.0027538,0.0027538
165,14159.9,0.40578,0.23556,1.04955,0.00648,0.98452,0.99009,0.99413,0.96358,0.27033,0.14661,0.96943,0.00262,0.00273413,0.00273413,0.00273413
166,14245.5,0.40589,0.2393,1.05007,0.00646,0.9845,0.98849,0.9941,0.96368,0.26925,0.14671,0.96854,0.00266,0.00271447,0.00271447,0.00271447
167,14331.3,0.41035,0.23367,1.04845,0.00662,0.98554,0.98833,0.99402,0.9648,0.26728,0.14664,0.96602,0.00228,0.0026948,0.0026948,0.0026948
168,14417.3,0.41025,0.23561,1.0497,0.00664,0.98594,0.99027,0.99379,0.96451,0.26847,0.14653,0.96793,0.00237,0.00267514,0.00267514,0.00267514
169,14503.2,0.40638,0.23644,1.05596,0.00615,0.98643,0.99,0.99377,0.96247,0.26972,0.14643,0.96879,0.00256,0.00265547,0.00265547,0.00265547
170,14589.3,0.40916,0.23934,1.04492,0.00665,0.98565,0.9893,0.99389,0.96369,0.26988,0.14694,0.97053,0.00248,0.0026358,0.0026358,0.0026358
171,14675,0.40477,0.23872,1.04388,0.00609,0.98773,0.98735,0.99397,0.96388,0.26935,0.14683,0.96805,0.00249,0.00261614,0.00261614,0.00261614
172,14760.9,0.39986,0.23006,1.04055,0.006,0.98667,0.9893,0.99395,0.96386,0.26896,0.14784,0.96842,0.00284,0.00259647,0.00259647,0.00259647
173,14847,0.40842,0.23592,1.05318,0.00621,0.98643,0.99003,0.99399,0.96496,0.26921,0.14581,0.96831,0.00287,0.00257681,0.00257681,0.00257681
174,14932.7,0.40542,0.23853,1.0486,0.00605,0.98535,0.99222,0.99409,0.96393,0.26936,0.14646,0.96945,0.00224,0.00255714,0.00255714,0.00255714
175,15018.5,0.4039,0.23323,1.05168,0.00665,0.98361,0.99222,0.99417,0.96362,0.27125,0.1481,0.97257,0.00276,0.00253748,0.00253748,0.00253748
176,15104.2,0.40792,0.23804,1.04709,0.00625,0.98359,0.99134,0.99419,0.96293,0.27014,0.14715,0.97276,0.0026,0.00251781,0.00251781,0.00251781
177,15190,0.40543,0.23467,1.0451,0.00662,0.98511,0.9893,0.99415,0.96374,0.27011,0.14708,0.97188,0.00254,0.00249814,0.00249814,0.00249814
178,15275.8,0.40275,0.23242,1.0524,0.00625,0.98548,0.99043,0.99419,0.96259,0.27168,0.14675,0.97332,0.00247,0.00247848,0.00247848,0.00247848
179,15361.5,0.40364,0.23409,1.04122,0.00615,0.98454,0.99112,0.99419,0.96385,0.27353,0.14851,0.97522,0.0024,0.00245881,0.00245881,0.00245881
180,15447.2,0.40597,0.23579,1.03734,0.00552,0.98549,0.991,0.99413,0.96348,0.27349,0.14845,0.97401,0.00248,0.00243915,0.00243915,0.00243915
181,15533.3,0.40581,0.23162,1.04997,0.00608,0.98644,0.99085,0.99419,0.96394,0.27193,0.14709,0.97329,0.00239,0.00241948,0.00241948,0.00241948
182,15619,0.40612,0.23501,1.03896,0.00581,0.98516,0.99222,0.99413,0.96259,0.27059,0.14728,0.97227,0.0025,0.00239982,0.00239982,0.00239982
183,15704.7,0.39939,0.23401,1.04374,0.00631,0.98267,0.99297,0.994,0.96182,0.27135,0.14829,0.97091,0.00268,0.00238015,0.00238015,0.00238015
184,15790.7,0.39895,0.23098,1.04609,0.00562,0.98266,0.99209,0.99382,0.96298,0.26966,0.14778,0.96974,0.00247,0.00236048,0.00236048,0.00236048
185,15876.7,0.39798,0.23146,1.03847,0.00566,0.9817,0.9915,0.99391,0.96412,0.2685,0.14704,0.96801,0.00295,0.00234082,0.00234082,0.00234082
186,15962.8,0.39785,0.23314,1.04561,0.00547,0.98247,0.99222,0.99382,0.9635,0.26702,0.14661,0.96648,0.0025,0.00232115,0.00232115,0.00232115
187,16048.8,0.40201,0.23269,1.04105,0.00605,0.98093,0.99416,0.99377,0.96464,0.26754,0.14667,0.96702,0.00253,0.00230149,0.00230149,0.00230149
188,16135,0.3949,0.22708,1.04465,0.00565,0.98084,0.99514,0.99381,0.96337,0.26669,0.14648,0.96707,0.00252,0.00228182,0.00228182,0.00228182
189,16221.3,0.3994,0.22638,1.04791,0.00537,0.98267,0.99258,0.99389,0.96339,0.26695,0.14581,0.96613,0.00249,0.00226216,0.00226216,0.00226216
190,16307.2,0.3947,0.22477,1.03766,0.00562,0.97977,0.99416,0.99393,0.96347,0.26591,0.14456,0.96487,0.00243,0.00224249,0.00224249,0.00224249
191,16393.2,0.39466,0.22739,1.0321,0.00561,0.97981,0.99416,0.9939,0.96396,0.26584,0.14445,0.96585,0.00264,0.00222282,0.00222282,0.00222282
192,16478.8,0.39292,0.22336,1.03834,0.00605,0.98404,0.99027,0.99396,0.96397,0.26747,0.14319,0.96887,0.00286,0.00220316,0.00220316,0.00220316
193,16564.6,0.39449,0.22733,1.02508,0.00562,0.98488,0.99125,0.99397,0.96284,0.26868,0.14298,0.97156,0.00294,0.00218349,0.00218349,0.00218349
194,16650.6,0.38765,0.22074,1.03555,0.0053,0.98453,0.99057,0.99393,0.96412,0.26731,0.14294,0.96927,0.00276,0.00216383,0.00216383,0.00216383
195,16736.3,0.39172,0.22607,1.03884,0.00616,0.9808,0.99405,0.99391,0.96414,0.26613,0.1422,0.96717,0.00257,0.00214416,0.00214416,0.00214416
196,16822.5,0.39629,0.22905,1.03435,0.0063,0.98263,0.99064,0.99395,0.964,0.26565,0.14175,0.96669,0.00248,0.0021245,0.0021245,0.0021245
197,16908.6,0.39989,0.22758,1.03709,0.00615,0.98077,0.99222,0.99397,0.96472,0.26644,0.14241,0.96733,0.00237,0.00210483,0.00210483,0.00210483
198,16994.6,0.38818,0.22317,1.03261,0.00638,0.98111,0.99222,0.99398,0.96485,0.26603,0.14292,0.96545,0.00248,0.00208516,0.00208516,0.00208516
199,17080.4,0.3923,0.22488,1.04236,0.0057,0.98079,0.99353,0.99393,0.96571,0.26626,0.14167,0.96512,0.00266,0.0020655,0.0020655,0.0020655
200,17166.6,0.39684,0.22436,1.04509,0.00532,0.9808,0.99369,0.99393,0.96482,0.26592,0.14328,0.966,0.00263,0.00204583,0.00204583,0.00204583
201,17252.7,0.3895,0.22229,1.02841,0.00501,0.98132,0.99319,0.99394,0.96377,0.26555,0.14216,0.96658,0.00244,0.00202617,0.00202617,0.00202617
202,17338.7,0.39151,0.22295,1.04463,0.00634,0.98152,0.99319,0.99394,0.96466,0.2667,0.14198,0.96742,0.00246,0.0020065,0.0020065,0.0020065
203,17424.6,0.38932,0.22456,1.02884,0.00533,0.98173,0.99318,0.99392,0.96476,0.26619,0.14231,0.96767,0.00239,0.00198684,0.00198684,0.00198684
204,17510.7,0.38315,0.21794,1.02275,0.00526,0.98212,0.99319,0.99392,0.96374,0.26611,0.14216,0.96642,0.00242,0.00196717,0.00196717,0.00196717
205,17596.3,0.39396,0.22751,1.03507,0.00576,0.98111,0.99222,0.99392,0.96349,0.26612,0.14055,0.96664,0.00261,0.0019475,0.0019475,0.0019475
206,17682.2,0.38378,0.21993,1.02878,0.00628,0.98356,0.9896,0.99384,0.96255,0.26558,0.14013,0.96588,0.00237,0.00192784,0.00192784,0.00192784
207,17768,0.38518,0.21926,1.02777,0.00591,0.98452,0.98966,0.99386,0.96266,0.26559,0.14053,0.96579,0.00241,0.00190817,0.00190817,0.00190817
208,17853.9,0.38569,0.22123,1.02698,0.00574,0.98264,0.99133,0.99389,0.96357,0.26584,0.14133,0.96645,0.00245,0.00188851,0.00188851,0.00188851
209,17939.7,0.3878,0.22035,1.01931,0.00534,0.98237,0.99222,0.99394,0.96457,0.26613,0.1419,0.96556,0.00248,0.00186884,0.00186884,0.00186884
210,18025.6,0.38297,0.22068,1.0264,0.00525,0.98266,0.99253,0.99391,0.96444,0.265,0.14185,0.96453,0.00239,0.00184918,0.00184918,0.00184918
211,18111.4,0.38065,0.21568,1.02521,0.0059,0.98603,0.99319,0.99393,0.96465,0.26528,0.14138,0.96415,0.00245,0.00182951,0.00182951,0.00182951
212,18197.2,0.39403,0.22494,1.03157,0.00582,0.98646,0.99231,0.9939,0.96485,0.26469,0.14125,0.96277,0.00273,0.00180984,0.00180984,0.00180984
213,18282.9,0.38013,0.21433,1.02636,0.00581,0.98624,0.99222,0.99391,0.96475,0.26489,0.14115,0.96263,0.00298,0.00179018,0.00179018,0.00179018
214,18368.5,0.38659,0.21839,1.02734,0.00541,0.98547,0.99222,0.99398,0.9639,0.26451,0.14137,0.96236,0.003,0.00177051,0.00177051,0.00177051
215,18454.2,0.38493,0.22171,1.03308,0.00572,0.98443,0.99222,0.994,0.96393,0.2644,0.14134,0.96228,0.00301,0.00175085,0.00175085,0.00175085
216,18540.2,0.38478,0.22018,1.02426,0.00541,0.98443,0.99222,0.99393,0.96476,0.2643,0.14163,0.96262,0.00293,0.00173118,0.00173118,0.00173118
217,18625.9,0.38196,0.21954,1.01909,0.00506,0.9855,0.99169,0.99395,0.96342,0.26432,0.14127,0.96236,0.00307,0.00171151,0.00171151,0.00171151
218,18712.1,0.38397,0.22122,1.02996,0.00526,0.98549,0.99085,0.994,0.96461,0.26404,0.14069,0.96143,0.00269,0.00169185,0.00169185,0.00169185
219,18797.7,0.37902,0.21881,1.02278,0.00496,0.98453,0.99125,0.99399,0.96475,0.26343,0.14099,0.96015,0.00237,0.00167218,0.00167218,0.00167218
220,18883.5,0.38099,0.21852,1.02156,0.00493,0.98469,0.99125,0.99395,0.96557,0.26326,0.14126,0.95972,0.0024,0.00165252,0.00165252,0.00165252
221,18969.4,0.38348,0.22031,1.02893,0.0056,0.98361,0.99222,0.99399,0.96455,0.26307,0.14058,0.96032,0.00233,0.00163285,0.00163285,0.00163285
222,19055.6,0.38238,0.21861,1.02039,0.00577,0.98341,0.99222,0.99398,0.96497,0.26335,0.14134,0.96122,0.00236,0.00161319,0.00161319,0.00161319
223,19141.8,0.38035,0.21943,1.01624,0.00496,0.98212,0.99222,0.994,0.96589,0.26346,0.14125,0.96182,0.00257,0.00159352,0.00159352,0.00159352
224,19227.8,0.38396,0.2188,1.02474,0.00501,0.98269,0.99386,0.99394,0.96531,0.26366,0.14171,0.96125,0.0024,0.00157385,0.00157385,0.00157385
225,19314.1,0.38791,0.22114,1.02165,0.00546,0.9841,0.99319,0.99394,0.96621,0.26401,0.14234,0.9627,0.00231,0.00155419,0.00155419,0.00155419
226,19399.9,0.37754,0.2152,1.02034,0.00566,0.98456,0.9928,0.99394,0.96621,0.2633,0.14152,0.96219,0.00233,0.00153452,0.00153452,0.00153452
227,19485.9,0.38349,0.21899,1.02272,0.00549,0.98242,0.99416,0.99392,0.96625,0.26328,0.14038,0.96243,0.00233,0.00151486,0.00151486,0.00151486
228,19571.6,0.38258,0.2178,1.03019,0.00555,0.9827,0.99462,0.99393,0.96517,0.26308,0.14007,0.96217,0.00237,0.00149519,0.00149519,0.00149519
229,19657.6,0.37622,0.21812,1.01556,0.00564,0.9817,0.99514,0.99393,0.96617,0.263,0.13982,0.96213,0.00227,0.00147553,0.00147553,0.00147553
230,19743.8,0.37522,0.21616,1.01452,0.00479,0.98176,0.995,0.99397,0.96615,0.26227,0.13935,0.96125,0.00228,0.00145586,0.00145586,0.00145586
231,19829.8,0.37612,0.21378,1.01558,0.00491,0.98129,0.99416,0.99397,0.96614,0.26235,0.13957,0.96118,0.00228,0.00143619,0.00143619,0.00143619
232,19916.2,0.3769,0.21638,1.01738,0.0053,0.98268,0.99372,0.99396,0.96611,0.26177,0.13981,0.96026,0.00225,0.00141653,0.00141653,0.00141653
233,20002.1,0.38406,0.22088,1.01852,0.00524,0.98151,0.99416,0.99398,0.96509,0.2617,0.13954,0.96043,0.00224,0.00139686,0.00139686,0.00139686
234,20088,0.38443,0.21798,1.02605,0.00531,0.98121,0.99416,0.99393,0.96504,0.26171,0.14004,0.9607,0.00225,0.0013772,0.0013772,0.0013772
235,20173.6,0.38054,0.21561,1.01713,0.00523,0.98172,0.9926,0.99393,0.96492,0.26176,0.13982,0.96044,0.00232,0.00135753,0.00135753,0.00135753
236,20259.4,0.36897,0.21063,1.01108,0.0044,0.98133,0.99319,0.99393,0.96483,0.26202,0.13913,0.96037,0.00233,0.00133787,0.00133787,0.00133787
237,20345.3,0.37149,0.20978,1.02106,0.00522,0.98264,0.99133,0.99391,0.96497,0.26216,0.1394,0.96041,0.00234,0.0013182,0.0013182,0.0013182
238,20431.1,0.37592,0.20932,1.01199,0.00507,0.984,0.9893,0.99389,0.96496,0.26205,0.139,0.96046,0.00235,0.00129853,0.00129853,0.00129853
239,20516.7,0.37769,0.21196,1.01517,0.0053,0.98474,0.99027,0.99391,0.96371,0.262,0.13894,0.96053,0.00238,0.00127887,0.00127887,0.00127887
240,20602.6,0.37254,0.20889,1.01594,0.00517,0.98517,0.99027,0.9939,0.96394,0.26233,0.13926,0.96072,0.00233,0.0012592,0.0012592,0.0012592
241,20688.7,0.37347,0.2085,1.01268,0.005,0.98532,0.99027,0.99391,0.96475,0.26214,0.13949,0.96087,0.00232,0.00123954,0.00123954,0.00123954
242,20774.5,0.3707,0.21117,1.01153,0.00522,0.9873,0.9893,0.99388,0.96563,0.26215,0.13966,0.96158,0.00231,0.00121987,0.00121987,0.00121987
243,20860.5,0.37475,0.21353,1.01277,0.00516,0.98748,0.9893,0.99387,0.96523,0.26188,0.13878,0.9617,0.00232,0.00120021,0.00120021,0.00120021
244,20946.6,0.37174,0.21248,1.01229,0.00535,0.98762,0.9893,0.99382,0.96464,0.26186,0.13844,0.96203,0.0025,0.00118054,0.00118054,0.00118054
245,21032.5,0.36726,0.2085,1.00841,0.00474,0.98739,0.9893,0.99381,0.96539,0.262,0.13849,0.96248,0.00255,0.00116087,0.00116087,0.00116087
246,21118.3,0.3696,0.20769,1.0119,0.0052,0.98659,0.9893,0.9938,0.9654,0.26196,0.13812,0.96349,0.00254,0.00114121,0.00114121,0.00114121
247,21204.3,0.37166,0.21108,1.01201,0.00531,0.98723,0.98833,0.99378,0.96523,0.26164,0.13831,0.96356,0.00251,0.00112154,0.00112154,0.00112154
248,21290.3,0.37204,0.20636,1.00764,0.00514,0.98717,0.98833,0.99378,0.96559,0.26124,0.13777,0.96349,0.00252,0.00110188,0.00110188,0.00110188
249,21376.1,0.37093,0.21017,1.02336,0.00563,0.98738,0.98922,0.99378,0.9655,0.26113,0.13808,0.96341,0.00255,0.00108221,0.00108221,0.00108221
250,21462.3,0.37297,0.21124,1.01365,0.00503,0.98739,0.99017,0.99382,0.96558,0.26063,0.13777,0.9633,0.00251,0.00106255,0.00106255,0.00106255
251,21548.3,0.36727,0.21063,1.00638,0.00504,0.98738,0.98971,0.99382,0.96558,0.26039,0.1375,0.96256,0.00275,0.00104288,0.00104288,0.00104288
252,21634.3,0.36599,0.20803,1.00889,0.00495,0.98729,0.9893,0.9938,0.96541,0.26063,0.13742,0.96275,0.00268,0.00102321,0.00102321,0.00102321
253,21720.1,0.37519,0.21097,1.01098,0.00538,0.98714,0.9893,0.99376,0.96528,0.26034,0.13734,0.96245,0.00242,0.00100355,0.00100355,0.00100355
254,21806.1,0.36667,0.20866,1.00598,0.00499,0.9872,0.9893,0.99377,0.96508,0.26035,0.1373,0.96205,0.00234,0.000983883,0.000983883,0.000983883
255,21892.1,0.36519,0.20692,1.01548,0.00527,0.98724,0.9893,0.99381,0.96518,0.26059,0.13763,0.96202,0.00231,0.000964217,0.000964217,0.000964217
256,21978.9,0.36944,0.20537,1.0055,0.00491,0.98724,0.9893,0.99382,0.96505,0.26056,0.13718,0.96222,0.00235,0.000944551,0.000944551,0.000944551
257,22065.2,0.36868,0.20869,1.00279,0.0048,0.98716,0.9893,0.99382,0.96505,0.2606,0.13725,0.96278,0.00234,0.000924886,0.000924886,0.000924886
258,22151.4,0.36703,0.20519,1.00765,0.00531,0.98739,0.98992,0.99384,0.96537,0.26053,0.13741,0.96278,0.00233,0.00090522,0.00090522,0.00090522
259,22237.5,0.36744,0.20297,1.00813,0.00511,0.98739,0.99017,0.99383,0.96536,0.26088,0.13744,0.96283,0.0023,0.000885554,0.000885554,0.000885554
260,22323.6,0.36789,0.20624,1.00814,0.00496,0.98708,0.99027,0.99385,0.96538,0.26062,0.13751,0.96286,0.0023,0.000865888,0.000865888,0.000865888
261,22409.6,0.36832,0.20841,1.00373,0.00506,0.9874,0.99081,0.99385,0.96526,0.26086,0.13763,0.96324,0.00229,0.000846223,0.000846223,0.000846223
262,22495.5,0.36813,0.20601,1.0079,0.00434,0.9874,0.99094,0.99384,0.96523,0.26076,0.1377,0.96324,0.00225,0.000826557,0.000826557,0.000826557
263,22581.5,0.35353,0.19941,0.99996,0.00489,0.9874,0.99117,0.99385,0.96534,0.26073,0.13729,0.9631,0.00223,0.000806891,0.000806891,0.000806891
264,22667.5,0.35949,0.2022,0.99854,0.00465,0.9874,0.99124,0.99386,0.96548,0.26056,0.13689,0.96281,0.00223,0.000787225,0.000787225,0.000787225
265,22753.4,0.36672,0.20382,1.0127,0.00485,0.9874,0.99067,0.99387,0.9654,0.26052,0.13683,0.9627,0.00225,0.00076756,0.00076756,0.00076756
266,22839.2,0.36271,0.20413,1.01146,0.00517,0.98685,0.99027,0.99387,0.96539,0.26012,0.13701,0.96211,0.00228,0.000747894,0.000747894,0.000747894
267,22925.7,0.36027,0.20233,1.00376,0.00447,0.98644,0.99072,0.99386,0.96452,0.26031,0.13734,0.96236,0.00232,0.000728228,0.000728228,0.000728228
268,23011.9,0.36256,0.20507,1.01079,0.00504,0.98644,0.99071,0.99386,0.9654,0.26023,0.13741,0.96245,0.00252,0.000708562,0.000708562,0.000708562
269,23098.4,0.36615,0.20476,1.00224,0.0047,0.98632,0.99125,0.99385,0.9655,0.26012,0.1369,0.96237,0.00255,0.000688897,0.000688897,0.000688897
270,23184.4,0.36715,0.20695,1.00154,0.00461,0.98689,0.99125,0.99387,0.96558,0.26003,0.13717,0.96184,0.00251,0.000669231,0.000669231,0.000669231
271,23271,0.35754,0.20007,0.99718,0.00478,0.98645,0.99127,0.99388,0.9655,0.26021,0.13703,0.962,0.0026,0.000649565,0.000649565,0.000649565
272,23356.9,0.36286,0.20113,1.00793,0.00451,0.98645,0.99178,0.99387,0.96566,0.26011,0.13709,0.96183,0.00248,0.000629899,0.000629899,0.000629899
273,23443,0.36223,0.20538,0.99687,0.00461,0.98645,0.99173,0.99388,0.96565,0.25997,0.13728,0.96148,0.00245,0.000610234,0.000610234,0.000610234
274,23528.9,0.35958,0.20233,1.00296,0.00431,0.98645,0.99171,0.99386,0.96558,0.25979,0.13746,0.96134,0.00244,0.000590568,0.000590568,0.000590568
275,23614.8,0.35664,0.19971,0.99855,0.00468,0.98645,0.99177,0.99386,0.96582,0.2597,0.13651,0.96112,0.00244,0.000570902,0.000570902,0.000570902
276,23700.7,0.36209,0.20322,1.00147,0.00485,0.98645,0.99169,0.99385,0.96538,0.25954,0.13672,0.96113,0.00245,0.000551237,0.000551237,0.000551237
277,23786.8,0.36173,0.20271,1.00728,0.00495,0.98645,0.99162,0.99385,0.9658,0.25945,0.13651,0.96087,0.00246,0.000531571,0.000531571,0.000531571
278,23872.5,0.35627,0.19932,0.99419,0.00455,0.98645,0.99156,0.99384,0.96582,0.25951,0.13646,0.96086,0.00247,0.000511905,0.000511905,0.000511905
279,23958.7,0.36189,0.20226,0.99717,0.00472,0.98645,0.99147,0.99386,0.96579,0.25928,0.13647,0.96064,0.00249,0.000492239,0.000492239,0.000492239
280,24044.9,0.35214,0.19607,0.99351,0.0042,0.98645,0.99133,0.99384,0.96581,0.25923,0.13638,0.96039,0.00251,0.000472574,0.000472574,0.000472574
281,24130.7,0.3572,0.19939,0.99956,0.00434,0.98645,0.99128,0.99384,0.96574,0.25909,0.13663,0.96037,0.00254,0.000452908,0.000452908,0.000452908
282,24216.8,0.35373,0.19887,1.00057,0.00456,0.98645,0.99138,0.99384,0.96564,0.25932,0.13663,0.96029,0.00254,0.000433242,0.000433242,0.000433242
283,24303,0.3565,0.20041,0.99811,0.00435,0.98645,0.99149,0.99383,0.96551,0.2593,0.13642,0.9601,0.00245,0.000413576,0.000413576,0.000413576
284,24389,0.359,0.20211,0.9963,0.00469,0.98645,0.99163,0.99383,0.96546,0.25938,0.13635,0.96004,0.00251,0.000393911,0.000393911,0.000393911
285,24474.7,0.36141,0.19905,1.00107,0.00469,0.98645,0.99163,0.99382,0.96546,0.25924,0.13623,0.9597,0.00246,0.000374245,0.000374245,0.000374245
286,24560.6,0.3541,0.19675,0.99971,0.00409,0.98645,0.9916,0.9938,0.96535,0.25896,0.13589,0.95955,0.00246,0.000354579,0.000354579,0.000354579
287,24646.6,0.35401,0.19648,0.99321,0.00411,0.98645,0.99161,0.9938,0.96523,0.25895,0.13598,0.95952,0.00248,0.000334913,0.000334913,0.000334913
288,24732.5,0.35366,0.19647,0.99473,0.00495,0.98646,0.99203,0.99379,0.96547,0.25886,0.13618,0.95956,0.0025,0.000315248,0.000315248,0.000315248
289,24818.1,0.35773,0.19906,1.00023,0.00454,0.98646,0.9921,0.99379,0.96541,0.25887,0.13592,0.95946,0.00252,0.000295582,0.000295582,0.000295582
290,24904.2,0.3501,0.19553,0.99483,0.00488,0.98628,0.99222,0.9938,0.96536,0.25888,0.1358,0.95948,0.00258,0.000275916,0.000275916,0.000275916
291,24991.9,0.26585,0.14107,0.94751,0.00265,0.98588,0.99222,0.9938,0.96545,0.2592,0.13579,0.95968,0.00262,0.000256251,0.000256251,0.000256251
292,25077.6,0.26326,0.13871,0.94639,0.00236,0.98574,0.99222,0.99379,0.96545,0.25908,0.13576,0.95941,0.00265,0.000236585,0.000236585,0.000236585
293,25163.6,0.26266,0.13748,0.94695,0.0024,0.98577,0.99222,0.99379,0.96557,0.25891,0.13594,0.95932,0.00263,0.000216919,0.000216919,0.000216919
294,25249.2,0.26087,0.13804,0.94677,0.00242,0.98576,0.99222,0.99377,0.96558,0.25902,0.13612,0.95935,0.00257,0.000197253,0.000197253,0.000197253
295,25335.3,0.26202,0.13902,0.94359,0.00215,0.98574,0.99222,0.99379,0.96561,0.25903,0.13647,0.95935,0.00249,0.000177588,0.000177588,0.000177588
296,25421.1,0.25778,0.13625,0.94122,0.00224,0.98569,0.99222,0.99379,0.96558,0.25905,0.13642,0.95915,0.00246,0.000157922,0.000157922,0.000157922
297,25507.1,0.2579,0.1351,0.94018,0.00247,0.98566,0.99222,0.99379,0.96568,0.25897,0.13641,0.95908,0.00243,0.000138256,0.000138256,0.000138256
298,25592.6,0.2581,0.13702,0.94244,0.0023,0.9857,0.99222,0.99379,0.96559,0.25881,0.13644,0.95931,0.00237,0.00011859,0.00011859,0.00011859
299,25678.5,0.26317,0.13731,0.95457,0.00232,0.98571,0.99222,0.99379,0.96568,0.25882,0.13622,0.95939,0.00235,9.89246e-05,9.89246e-05,9.89246e-05
300,25764.1,0.257,0.13403,0.94028,0.00234,0.98611,0.99222,0.99378,0.96558,0.25894,0.13625,0.95938,0.00236,7.92589e-05,7.92589e-05,7.92589e-05
